Symbol,Name,Last Price,Change,%Chg,High,Low,Volume,Time,Links
PCLN,Priceline Group,"1,797.86",7.86,0.44%,"1,804.83","1,762.00","375,700",02/13/18,
AMZN,Amazon.Com Inc,"1,414.51",28.28,2.04%,"1,419.72","1,383.53","5,916,100",02/13/18,
GOOGL,Alphabet Class A,"1,054.14",-0.42,-0.04%,"1,061.22","1,046.92","1,579,200",02/13/18,
GOOG,Alphabet Class C,"1,052.10",0.16,0.02%,"1,058.37","1,044.09","1,264,900",02/13/18,
AZO,Autozone,711.88,-18.32,-2.51%,728.36,707.14,"372,800",02/13/18,
MTD,Mettler-Toledo International,613.69,-0.18,-0.03%,617.35,603,"139,000",02/13/18,
BLK,Blackrock,521.27,-4.11,-0.78%,526.52,518.77,"517,400",02/13/18,
EQIX,Equinix Inc,436.25,4.8,1.11%,437.83,426.01,"910,200",02/13/18,
SHW,Sherwin-Williams Company,405.76,2.07,0.51%,407.28,400.46,"437,500",02/13/18,
ISRG,Intuitive Surg Inc,402,3.49,0.88%,402.89,394,"478,600",02/13/18,
CHTR,Charter Communicatio,355.68,-2.2,-0.61%,357.49,353.41,"772,400",02/13/18,
LMT,Lockheed Martin Corp,350.23,4.42,1.28%,351.06,344.51,"1,279,200",02/13/18,
NOC,Northrop Grumman Corp,343.36,5.92,1.75%,344.38,335.12,"898,300",02/13/18,
BA,Boeing Company,343.16,-0.64,-0.19%,347.88,340.29,"4,029,800",02/13/18,
REGN,Regeneron Pharmaceutical,324.57,-18.1,-5.28%,340.84,322.69,"1,557,300",02/13/18,
BIIB,Biogen Inc,316.99,0.36,0.11%,319,312.35,"732,900",02/13/18,
TDG,Transdigm Group Inc,285.8,-0.4,-0.14%,287.43,281.46,"381,100",02/13/18,
GWW,W.W. Grainger,271.37,1.94,0.72%,272.58,265.95,"881,300",02/13/18,
ROP,Roper Industries,270.47,0.35,0.13%,270.97,266.12,"392,800",02/13/18,
HUM,Humana Inc,268.07,1.02,0.38%,269.28,261.25,"1,007,800",02/13/18,
NFLX,Netflix Inc,258.27,0.32,0.12%,261.41,254.7,"6,853,800",02/13/18,
GS,Goldman Sachs Group,255.53,2.37,0.94%,256.4,250.58,"2,700,400",02/13/18,
CMG,Chipotle Mexican Grill,251.33,-3.12,-1.23%,257.96,250.63,"1,506,200",02/13/18,
MHK,Mohawk Industries,251.28,-3.27,-1.28%,254.35,249.17,"965,200",02/13/18,
ADS,Alliance Data Systems Corp,246.26,-2.03,-0.82%,248.45,243.97,"472,200",02/13/18,
AVGO,Broadcom Ltd,245.86,1.46,0.60%,246.03,240.06,"2,371,600",02/13/18,
ORLY,O'Reilly Automotive,245.31,-2.94,-1.18%,248.87,243.08,"753,100",02/13/18,
FDX,Fedex Corp,240.32,0.39,0.16%,241.53,236.72,"1,537,600",02/13/18,
RE,Everest Re Group,238.18,-1.3,-0.54%,239.15,236.42,"388,600",02/13/18,
HII,Huntington Ingalls Industries,237.46,2.53,1.08%,238.28,232.45,"746,400",02/13/18,
ALGN,Align Technology I,233.73,0.6,0.26%,236.7,229.68,"727,300",02/13/18,
ANTM,Anthem Inc,233.45,0.68,0.29%,234.83,229.36,"1,397,800",02/13/18,
NVDA,Nvidia Corp,232.63,4.6,2.02%,234.5,225.25,"15,633,700",02/13/18,
MMM,3M Company,231.36,2.17,0.95%,231.97,228.93,"2,523,400",02/13/18,
ESS,Essex Property Trust,228.28,0.43,0.19%,229.55,223.45,"480,600",02/13/18,
UNH,Unitedhealth Group Inc,226.64,0.95,0.42%,227.12,222.38,"3,536,700",02/13/18,
COO,Cooper Companies,225.82,-0.94,-0.41%,227.02,224.57,"363,200",02/13/18,
ILMN,Illumina Inc,220.44,-0.59,-0.27%,221.1,217.8,"663,000",02/13/18,
MLM,Martin Marietta Materials,218.41,5.65,2.66%,229.66,215.67,"1,498,100",02/13/18,
BDX,Becton Dickinson and Company,215.4,-3.49,-1.59%,216.99,213.37,"1,830,000",02/13/18,
STZ,Constellation Brands Inc,213.47,0.46,0.22%,214.81,211.25,"1,411,600",02/13/18,
GD,General Dynamics Corp,211.81,2.28,1.09%,212.69,207.5,"2,556,500",02/13/18,
RTN,Raytheon Company,209.53,2.01,0.97%,210.29,205.76,"1,389,200",02/13/18,
ULTA,Ulta Salon Cosmetic,206.79,-2.69,-1.28%,211.25,206.26,"1,071,500",02/13/18,
LLL,L-3 Communications Holdings,206.61,2.17,1.06%,207.25,203.74,"867,900",02/13/18,
TMO,Thermo Fisher Scientific Inc,203.5,-1.01,-0.49%,204.47,200.86,"1,222,600",02/13/18,
WAT,Waters Corp,200.2,1.75,0.88%,201.15,196.35,"368,800",02/13/18,
BRK.B,Berkshire Hath Hld B,197.99,-0.9,-0.45%,198.84,195.92,"3,967,200",02/13/18,
CI,Cigna Corp,195.44,1.88,0.97%,195.58,191.07,"842,100",02/13/18,
ADBE,Adobe Systems Inc,193.48,1.33,0.69%,194.31,190.39,"1,961,200",02/13/18,
PSA,Public Storage,189.2,1.38,0.73%,190.28,187.5,"1,054,500",02/13/18,
MTB,M&T Bank Corp,186.15,1.4,0.76%,187.29,183.2,"711,100",02/13/18,
ROK,Rockwell Automation Inc,184.44,-1.86,-1.00%,185.42,182.03,"1,131,600",02/13/18,
COST,Costco Wholesale,184.15,3.09,1.71%,184.6,180.05,"2,123,700",02/13/18,
HD,Home Depot,183.72,-0.34,-0.18%,183.99,180.89,"4,273,700",02/13/18,
SPGI,S&P Global Inc,181.94,1.58,0.88%,182.42,179.4,"1,498,600",02/13/18,
AMG,Affiliated Managers Group,181.93,0.74,0.41%,182.49,178.64,"638,600",02/13/18,
PH,Parker-Hannifin Corp,179.83,-1.15,-0.64%,180.83,178.76,"1,077,300",02/13/18,
AET,Aetna Inc,178.52,1.14,0.64%,178.75,176.82,"2,011,500",02/13/18,
AMGN,Amgen,175.94,1.07,0.61%,176.7,172.46,"3,834,600",02/13/18,
IDXX,Idexx Laboratories,175.39,0.33,0.19%,176.46,172.37,"1,204,900",02/13/18,
FB,Facebook Inc,173.15,-3.26,-1.85%,175.97,173.1,"21,795,400",02/13/18,
LRCX,Lam Research Corp,172.56,-0.39,-0.23%,172.73,168.12,"2,840,700",02/13/18,
PXD,Pioneer Natural Resources Co,172.17,1.14,0.67%,172.72,169.46,"1,245,700",02/13/18,
LH,Laboratory Corporation of America Holdings,171.01,2.52,1.50%,172.05,167.18,"636,700",02/13/18,
WHR,Whirlpool Corp,170.19,-0.86,-0.50%,171.67,168.89,"592,100",02/13/18,
MA,Mastercard Inc,170.12,1.93,1.15%,170.77,167.01,"3,470,900",02/13/18,
URI,United Rentals,166.33,0.27,0.16%,167.46,164.52,"1,359,300",02/13/18,
CMI,Cummins Inc,165.63,-0.14,-0.08%,166.03,164.1,"1,176,300",02/13/18,
WYNN,Wynn Resorts Ltd,164.66,1.74,1.07%,165.55,162.49,"2,122,800",02/13/18,
AAPL,Apple Inc,164.34,1.63,1.00%,164.75,161.65,"32,542,201",02/13/18,
MCD,McDonald's Corp,162.4,-1.5,-0.92%,163.83,161.72,"5,405,900",02/13/18,
ITW,Illinois Tool Works Inc,161.85,0.43,0.27%,162.34,160.22,"1,205,600",02/13/18,
MCO,Moody's Corp,161.6,2.32,1.46%,161.77,156.72,"753,900",02/13/18,
SBAC,SBA Communications,161.42,1.79,1.12%,162.11,158.73,"1,249,000",02/13/18,
DE,Deere & Company,161.3,2.09,1.31%,161.61,157.56,"1,795,400",02/13/18,
CME,CME Group Inc,160.16,0.03,0.02%,161.17,158.16,"1,238,300",02/13/18,
APD,Air Products and Chemicals,159.44,-0.24,-0.15%,160.06,157.64,"1,189,300",02/13/18,
AVB,Avalonbay Communities,159.4,0.65,0.41%,160.32,157.64,"1,109,100",02/13/18,
INTU,Intuit Inc,159.36,-0.02,-0.01%,160.2,155.02,"1,264,500",02/13/18,
AGN,Allergan Plc,158.72,-3.74,-2.30%,162.46,156.11,"3,247,800",02/13/18,
SNA,Snap-On Inc,157.64,-1.61,-1.01%,158.85,156.08,"747,600",02/13/18,
SWK,Stanley Black & Decker Inc,157.07,-0.97,-0.61%,157.93,156.14,"926,200",02/13/18,
ACN,Accenture Plc,156.84,1.89,1.22%,156.99,153.99,"2,059,400",02/13/18,
AMP,Ameriprise Financial Services,156.62,0.71,0.46%,157.48,153.62,"1,544,900",02/13/18,
CTAS,Cintas Corp,156.07,1.67,1.08%,156.6,152.99,"275,800",02/13/18,
SPG,Simon Property Group,155.49,-1.31,-0.84%,156.1,153.5,"1,481,800",02/13/18,
WLTW,Willis Towers Wts,155.31,1.16,0.75%,156.07,152.71,"446,500",02/13/18,
SYK,Stryker Corp,154.56,0.9,0.59%,155.01,152.3,"950,000",02/13/18,
ANSS,Ansys Inc,154.2,0.46,0.30%,154.57,152.62,"302,400",02/13/18,
VRTX,Vertex Pharmaceutic,154.14,2.13,1.40%,155.49,150.99,"1,624,200",02/13/18,
CAT,Caterpillar Inc,153.97,1.68,1.10%,155.2,151,"5,512,000",02/13/18,
PX,Praxair,153.83,0.08,0.05%,154.45,152.08,"1,402,700",02/13/18,
PNC,PNC Bank,153.29,1.01,0.66%,153.53,151.01,"2,131,400",02/13/18,
HRS,Harris Corp,153.02,0.23,0.15%,153.28,151.07,"928,500",02/13/18,
NEE,Nextera Energy,151.07,1.07,0.71%,151.82,148.25,"1,578,000",02/13/18,
IBM,International Business Machines,150.75,-0.65,-0.43%,151.18,149.64,"4,890,700",02/13/18,
AYI,Acuity Brands Inc,148.87,-1.62,-1.08%,150.91,147.89,"335,000",02/13/18,
HON,Honeywell International Inc,148.5,-0.97,-0.65%,149.45,148.1,"2,815,200",02/13/18,
PVH,Phillips-Van Heusen Corp,146.98,0.2,0.14%,147.89,146.07,"411,900",02/13/18,
MCK,Mckesson Corp,146.18,-2.84,-1.91%,147.4,143.08,"2,460,900",02/13/18,
CB,Chubb Ltd,145.12,0.51,0.35%,145.52,143.36,"1,387,800",02/13/18,
IFF,International Flavors & Fragrances,143.06,0.64,0.45%,143.39,140.22,"425,200",02/13/18,
FFIV,F5 Networks Inc,142.43,2.28,1.63%,142.75,133.89,"643,100",02/13/18,
CXO,Concho Resources Inc,141.66,-1.82,-1.27%,143.37,141.01,"1,177,900",02/13/18,
MAR,Marriot Int Class A,140.61,1.51,1.09%,141.02,137.71,"1,977,400",02/13/18,
NSC,Norfolk Southern Corp,140.31,0.4,0.29%,140.95,137.36,"1,344,300",02/13/18,
AON,AON Plc,139.23,-0.73,-0.52%,139.89,137.92,"1,196,600",02/13/18,
FISV,Fiserv Inc,139.03,0.39,0.28%,139.54,136.49,"814,400",02/13/18,
TRV,The Travelers Companies Inc,138.58,0.44,0.32%,138.82,136.72,"1,282,200",02/13/18,
EL,Estee Lauder Companies,137.5,0.47,0.34%,137.73,136.38,"1,740,700",02/13/18,
AMT,American Tower Corp,136.31,0.08,0.06%,136.92,134.86,"3,710,200",02/13/18,
COL,Rockwell Collins,134.06,-0.62,-0.46%,134.49,133.7,"2,025,500",02/13/18,
RHT,Red Hat Inc,132.03,2.71,2.10%,132.18,128.06,"2,027,200",02/13/18,
JNJ,Johnson & Johnson,129.96,-0.31,-0.24%,130.6,128.7,"6,338,600",02/13/18,
VMC,Vulcan Materials Company,129.37,2.21,1.74%,132.03,128,"1,688,100",02/13/18,
ECL,Ecolab Inc,129.34,-0.82,-0.63%,129.96,127.19,"1,385,500",02/13/18,
RCL,Royal Caribbean Cruises Ltd,129.03,-0.24,-0.19%,130.15,127.75,"1,732,100",02/13/18,
CLX,Clorox Company,128.53,0.58,0.45%,128.82,127.01,"1,109,600",02/13/18,
UNP,Union Pacific Corp,128.3,-0.34,-0.26%,128.96,126.78,"5,078,000",02/13/18,
EW,Edwards Lifesciences Corp,127.35,0.46,0.36%,128.16,125.12,"1,051,500",02/13/18,
UTX,United Technologies Corp,125.77,-1.61,-1.26%,126.96,124.97,"5,066,600",02/13/18,
EA,Electronic Arts Inc,122.28,0.06,0.05%,123.13,120.58,"2,388,600",02/13/18,
ARE,Alexandria Real Estate Equities,120.36,1.28,1.07%,120.86,117.86,"792,400",02/13/18,
MON,Monsanto Company,120.11,-0.33,-0.27%,120.81,119.98,"1,740,000",02/13/18,
SJM,J.M. Smucker Company,119.69,0.29,0.24%,120.1,117.35,"882,600",02/13/18,
IT,Gartner Inc,118.85,0.61,0.52%,118.9,116.97,"636,500",02/13/18,
V,Visa Inc,118.35,-0.12,-0.10%,118.8,117.13,"7,803,800",02/13/18,
JBHT,J B Hunt Transport,118.33,2.45,2.11%,119.3,114.63,"945,900",02/13/18,
WYN,Wyndham Worldwide Corp,117.92,1.61,1.38%,118.23,115.71,"1,240,600",02/13/18,
AVY,Avery Dennison Corp,116.88,1.23,1.06%,117.2,114.85,"618,100",02/13/18,
VAR,Varian Medical Systems,116.24,-0.46,-0.39%,116.87,114.76,"672,000",02/13/18,
UHS,Universal Health Services,116.2,0.59,0.51%,116.46,114,"387,200",02/13/18,
BXP,Boston Properties,116.19,1.05,0.91%,116.67,114.05,"736,600",02/13/18,
PKG,Packaging Corporation of America,116.03,-0.66,-0.57%,116.64,115.46,"464,700",02/13/18,
DPS,Dr Pepper Snapple Group Inc,115.95,-0.79,-0.68%,116.93,115.9,"2,692,300",02/13/18,
ZBH,Zimmer Biomet Holdings,115.93,-0.59,-0.51%,116.18,114.87,"1,081,100",02/13/18,
PPG,PPG Industries,114.56,0.58,0.51%,114.82,112.6,"1,423,700",02/13/18,
EFX,Equifax Inc,114.55,0.15,0.13%,115.4,113.5,"700,100",02/13/18,
ALXN,Alexion Pharm Inc,113.97,-1.46,-1.26%,115.36,112.56,"2,426,500",02/13/18,
CVX,Chevron Corp,113.29,-0.69,-0.61%,113.61,111.86,"7,065,900",02/13/18,
KMB,Kimberly-Clark Corp,112.66,-1.01,-0.89%,113.9,112.46,"1,909,600",02/13/18,
JPM,JP Morgan Chase & Co,112.43,0.69,0.62%,113.05,110.8,"16,357,000",02/13/18,
CBOE,CBOE Global Markets Inc,112.22,1.54,1.39%,113.47,109.54,"2,403,300",02/13/18,
PEP,Pepsico Inc,112.14,0.21,0.19%,112.67,110.68,"5,274,600",02/13/18,
ABBV,Abbvie Inc,111.86,-0.07,-0.06%,112.41,110.39,"5,316,100",02/13/18,
ADP,Automatic Data Procs,111.82,0.17,0.15%,112.13,110.33,"1,291,400",02/13/18,
VRSN,Verisign Inc,110.57,-0.46,-0.41%,111.41,109.2,"1,054,300",02/13/18,
FRT,Federal Realty Investment Trust,110.26,0.02,0.02%,110.88,108.21,"929,500",02/13/18,
ADSK,Autodesk Inc,109.79,1.41,1.30%,110.19,106.23,"1,339,000",02/13/18,
LYB,Lyondellbasell Industries Nv,109.64,-0.06,-0.05%,110.59,108.04,"1,852,800",02/13/18,
ALB,Albemarle Corp,108.45,-3.14,-2.81%,112.6,108.08,"2,763,400",02/13/18,
CRM,Salesforce.Com Inc,107.69,-0.86,-0.79%,108.08,105.93,"7,542,700",02/13/18,
UPS,United Parcel Service,107.56,1.25,1.18%,108.77,105.5,"7,557,600",02/13/18,
PRU,Prudential Financial Inflation Retail,106.89,-0.97,-0.90%,107.72,106.32,"2,818,300",02/13/18,
GPN,Global Payments Inc,106.85,0.45,0.42%,108.07,105.46,"1,248,800",02/13/18,
SRE,Sempra Energy,106.81,0.19,0.18%,107.22,105.06,"1,471,000",02/13/18,
CCI,Crown Castle International Corp,106.36,1.25,1.19%,106.75,104.72,"1,879,100",02/13/18,
AAP,Advance Auto Parts Inc,106.22,-3.26,-2.98%,109.99,105.96,"1,392,000",02/13/18,
TROW,T Rowe Price Group,105.73,0.8,0.76%,105.88,103.21,"2,145,800",02/13/18,
DLR,Digital Realty Trust,105.12,0.07,0.07%,105.6,103.34,"1,618,000",02/13/18,
DLTR,Dollar Tree Inc,104.84,0.1,0.10%,106.82,103.72,"2,483,000",02/13/18,
RL,Ralph Lauren Corp,104.54,1.15,1.11%,104.9,102.54,"732,800",02/13/18,
KLAC,K L A-Tencor Corp,104.21,0.3,0.29%,104.62,102.75,"2,036,300",02/13/18,
KSU,Kansas City Southern,104.12,-1.3,-1.23%,104.94,102.98,"1,286,800",02/13/18,
DIS,Walt Disney Company,104.12,0.73,0.71%,104.31,102.4,"8,447,600",02/13/18,
SWKS,Skyworks Solutions,103.58,-0.52,-0.50%,104.2,102.67,"1,955,100",02/13/18,
PM,Philip Morris International Inc,103.05,0.65,0.63%,103.16,100.97,"5,182,000",02/13/18,
CNC,Centene Corp,103,-0.09,-0.09%,103.11,100.81,"1,426,500",02/13/18,
MKC,Mccormick & Company Inc,102.71,0.41,0.40%,103.22,101.27,"594,400",02/13/18,
EOG,Eog Resources,102.47,-0.67,-0.65%,103.24,101.61,"1,735,200",02/13/18,
DTE,Dte Energy Company,102.21,0.96,0.95%,102.39,100.4,"957,600",02/13/18,
MSI,Motorola Solutions,101.94,0.64,0.63%,102.09,100.2,"1,024,800",02/13/18,
EXPE,Expedia Inc,101.76,-1.06,-1.03%,102.92,100.19,"2,957,700",02/13/18,
DGX,Quest Diagnostics Inc,101.39,2.32,2.34%,101.88,99.22,"1,306,100",02/13/18,
STT,State Street Corp,101.27,-0.51,-0.50%,101.99,100.37,"987,800",02/13/18,
WMT,Wal-Mart Stores,100.98,1.43,1.44%,101.22,99.33,"6,622,500",02/13/18,
TXN,Texas Instruments,100.98,-0.96,-0.94%,101.73,100.12,"5,061,400",02/13/18,
TIF,Tiffany & Co,100.96,0.23,0.23%,101.32,100.39,"897,300",02/13/18,
IQV,Iqvia Holdings Inc,100.06,1.43,1.45%,101.23,97.77,"1,440,500",02/13/18,
XEC,Cimarex Energy Co,99.78,-1.12,-1.11%,100.86,97.74,"1,507,000",02/13/18,
HSY,Hershey Foods Corp,99.54,-0.24,-0.24%,99.96,98.57,"1,130,500",02/13/18,
NTRS,Northern Trust Corp,99.35,-0.01,-0.01%,99.6,97.82,"1,015,800",02/13/18,
HCA,Hca Holdings Inc,98.92,0.64,0.65%,99.2,97.3,"1,140,200",02/13/18,
TEL,Te Connectivity Ltd,98.79,0.09,0.09%,99.12,97.8,"1,087,000",02/13/18,
DOV,Dover Corp,98.12,-0.15,-0.15%,98.64,97.33,"849,900",02/13/18,
EMN,Eastman Chemical Company,97.9,0.38,0.39%,98.07,96.2,"1,102,000",02/13/18,
ANDV,Andeavor,97.77,0.14,0.14%,97.99,96.72,"1,173,500",02/13/18,
ABC,Amerisourcebergen Corp,97.77,8.32,9.30%,102,95.94,"9,725,600",02/13/18,
DXC,Dxc Technology Company,97.24,-0.66,-0.67%,98.36,95.65,"1,419,200",02/13/18,
DG,Dollar General Corp,96.86,1.77,1.86%,97.93,94.82,"2,573,800",02/13/18,
GPC,Genuine Parts Company,96.73,-0.99,-1.01%,98.15,96.08,"1,101,400",02/13/18,
FIS,Fidelity National Information Services,96.17,1.02,1.07%,96.29,94.43,"1,144,000",02/13/18,
LOW,Lowe's Companies,96.06,-1.72,-1.76%,97.61,94.87,"5,541,600",02/13/18,
HAS,Hasbro Inc,95.56,-1.07,-1.11%,97.39,94.73,"1,987,900",02/13/18,
COF,Capital One Financial Corp,95.31,0.12,0.13%,95.51,93.66,"2,109,100",02/13/18,
DHR,Danaher Corp,94.98,-0.43,-0.45%,95.45,94.04,"2,012,600",02/13/18,
VRSK,Verisk Analytics Inc,94.88,0.58,0.62%,95.08,92.62,"800,100",02/13/18,
DRI,Darden Restaurants,94.72,0.5,0.53%,95,93.23,"1,965,600",02/13/18,
AXP,American Express Company,94.56,-0.14,-0.15%,94.81,92.82,"3,366,600",02/13/18,
TWX,Time Warner Inc,94.31,0.7,0.75%,94.69,93.05,"3,706,200",02/13/18,
CMA,Comerica Inc,93.84,0.54,0.58%,93.99,92.2,"1,180,900",02/13/18,
SLG,SL Green Realty Corp,93.82,1.13,1.22%,94.27,91.91,"921,300",02/13/18,
PSX,Phillips 66,93.76,0.17,0.18%,94.29,92.96,"1,441,100",02/13/18,
CHRW,C.H. Robinson Ww,92.72,1.54,1.69%,93.25,90.4,"1,182,000",02/13/18,
ALL,Allstate Corp,92.13,1.4,1.54%,92.24,89.59,"3,503,700",02/13/18,
CELG,Celgene Corp,91.98,0.47,0.51%,92.45,90.72,"7,879,300",02/13/18,
RMD,Resmed Inc,91.52,-0.21,-0.23%,91.95,90.21,"423,600",02/13/18,
APTV,Aptiv Plc,90.77,-0.67,-0.73%,91.99,90.28,"1,036,300",02/13/18,
IR,Ingersoll-Rand Plc [Ireland],90.26,-0.65,-0.71%,90.91,89.63,"1,172,100",02/13/18,
MSFT,Microsoft Corp,89.83,0.7,0.79%,90,87.8,"26,405,498",02/13/18,
VLO,Valero Energy Corp,89.48,0.64,0.72%,89.8,88.16,"3,638,100",02/13/18,
RJF,Raymond James Financial,88.73,-0.28,-0.31%,89.1,87.57,"972,300",02/13/18,
AIZ,Assurant Inc,88.32,0.8,0.91%,88.56,86.41,"575,900",02/13/18,
INCY,Incyte Corp,88.03,0.51,0.58%,88.83,85.89,"1,661,800",02/13/18,
MAA,Mid-America Apartment Communities,87.99,0.25,0.28%,88.34,87.19,"769,800",02/13/18,
SNI,Scripps Ntwrks Int A,87.5,0.21,0.24%,87.58,86.85,"329,500",02/13/18,
APH,Amphenol Corp,86.88,0.47,0.54%,87.08,85.8,"874,500",02/13/18,
CTXS,Citrix Systems Inc,86.87,0.08,0.09%,87.38,85.1,"1,869,400",02/13/18,
AFL,Aflac Incorporated,86.07,0.94,1.10%,86.4,84.83,"1,766,800",02/13/18,
PRGO,Perrigo Company,85.81,0.51,0.60%,86.69,84.09,"875,400",02/13/18,
SNPS,Synopsys Inc,85.5,0.17,0.20%,85.77,84.47,"752,400",02/13/18,
TSS,Total System Services,84.98,0.94,1.12%,85.12,83.54,"1,228,300",02/13/18,
ADI,Analog Devices,84.34,-0.71,-0.83%,86.43,83.77,"2,688,900",02/13/18,
TMK,Torchmark Corp,84.04,0.51,0.61%,84.33,82.71,"680,400",02/13/18,
HLT,Hilton Inc,83.21,1.39,1.70%,83.57,81.66,"2,514,800",02/13/18,
WDC,Western Digital Cp,82.97,0.63,0.77%,83.46,81.58,"2,943,400",02/13/18,
EXR,Extra Space Storage Inc,82.58,1.78,2.20%,83.02,80.72,"971,500",02/13/18,
VFC,V.F. Corp,82.11,1.41,1.75%,82.18,80.37,"2,255,200",02/13/18,
FMC,FMC Corp,81.86,-3.36,-3.94%,86.87,81.77,"2,918,400",02/13/18,
ETN,Eaton Corp,81.83,-0.19,-0.23%,82.14,80.99,"1,332,500",02/13/18,
PG,Procter & Gamble Company,81.5,0.17,0.21%,81.83,80.91,"9,278,400",02/13/18,
MMC,Marsh & Mclennan Companies,81.28,0.24,0.30%,81.65,80.49,"1,702,200",02/13/18,
MCHP,Microchip Technology,80.81,-2.21,-2.66%,82.71,80.13,"4,296,400",02/13/18,
WM,Waste Management,80.79,0.22,0.27%,81.07,80,"2,719,700",02/13/18,
GILD,Gilead Sciences Inc,80.79,0.65,0.81%,81.09,78.65,"6,596,800",02/13/18,
MDT,Medtronic Inc,80.22,-0.02,-0.02%,80.59,79.35,"4,574,500",02/13/18,
ALLE,Allegion Plc Ordinary Shares Wh,79.65,-0.1,-0.13%,80.4,78.94,"623,200",02/13/18,
OMC,Omnicom Group Inc,79.56,0.78,0.99%,80.91,78.33,"4,294,800",02/13/18,
QRVO,Qorvo Inc,79.35,0.18,0.23%,79.7,78.51,"1,184,800",02/13/18,
AWK,American Water Works,78.77,0.85,1.09%,78.93,77.31,"921,100",02/13/18,
NDAQ,Nasdaq Inc,78.5,0.94,1.21%,78.65,77.06,"855,200",02/13/18,
CTSH,Cognizant Tech Sol,78.11,0.68,0.88%,78.3,76.66,"4,123,300",02/13/18,
ROST,Ross Stores Inc,77.82,0.47,0.61%,77.99,76.61,"1,369,600",02/13/18,
YUM,Yum! Brands,77.77,-0.3,-0.38%,77.97,77.13,"1,512,600",02/13/18,
DUK,Duke Energy Corp,77.08,0.27,0.35%,77.3,75.82,"3,808,000",02/13/18,
ED,Consolidated Edison Company of New York,77.03,-0.37,-0.48%,77.2,75.77,"2,193,000",02/13/18,
PNW,Pinnacle West Capital Corp,76.82,0.09,0.12%,77.16,75.77,"608,400",02/13/18,
DFS,Discover Financial Services,76.5,0.55,0.72%,76.53,75.27,"1,764,400",02/13/18,
XOM,Exxon Mobil Corp,76.3,-0.12,-0.16%,76.75,75.73,"11,926,400",02/13/18,
LLY,Eli Lilly and Company,76.21,-0.04,-0.05%,76.59,75.75,"4,041,200",02/13/18,
TAP,Molson Coors Brewing Company,75.7,-0.07,-0.09%,76.09,74.11,"1,669,800",02/13/18,
TJX,TJX Companies,75.55,-0.16,-0.21%,76.19,75.02,"3,333,300",02/13/18,
C,Citigroup Inc,75.18,0.42,0.56%,75.38,74.15,"11,748,899",02/13/18,
D,Dominion Resources,75.07,-0.19,-0.25%,75.5,74.17,"3,395,200",02/13/18,
ETR,Entergy Corp,75.05,0.42,0.56%,75.28,73.65,"757,800",02/13/18,
PYPL,Paypal Holdings,74.97,-0.31,-0.41%,75.6,74.55,"7,743,500",02/13/18,
TSN,Tyson Foods,74.73,0.2,0.27%,75.05,74.09,"1,787,900",02/13/18,
AME,Amtek Inc,74.42,0.42,0.57%,74.56,73.51,"981,300",02/13/18,
LNC,Lincoln National Corp,74.34,-1.13,-1.50%,75.09,74.02,"1,990,700",02/13/18,
PKI,Perkinelmer,74.22,-0.28,-0.38%,74.32,73.7,"516,300",02/13/18,
FTV,Fortive Corp,74.14,-0.16,-0.22%,74.75,73.8,"3,149,100",02/13/18,
CINF,Cincinnati Financial,73.97,-0.34,-0.46%,74.35,73.26,"888,300",02/13/18,
TGT,Target Corp,73.88,2,2.78%,73.95,71.68,"4,417,500",02/13/18,
ESRX,Express Scripts,73.59,0.7,0.96%,74.05,71.41,"3,720,900",02/13/18,
DVA,Davita Healthcare Partners Inc,73.54,0.13,0.18%,74.03,72.69,"1,736,300",02/13/18,
ZTS,Zoetis Inc Class A,73.24,0.05,0.07%,73.79,72.96,"2,416,200",02/13/18,
XYL,Xylem Inc,72.77,0.84,1.17%,72.95,71.43,"987,600",02/13/18,
SRCL,Stericycle Inc,72.17,0.8,1.12%,72.6,71.13,"647,500",02/13/18,
KHC,Kraft Heinz Co,71.71,-0.1,-0.14%,71.99,70.68,"4,043,600",02/13/18,
DWDP,Dowdupont Inc,70.75,-1.09,-1.52%,71.75,70.6,"6,619,100",02/13/18,
EMR,Emerson Electric Company,70.38,0.07,0.10%,70.52,69.4,"3,541,600",02/13/18,
CL,Colgate-Palmolive Company,70.3,0.11,0.16%,70.45,69.69,"3,528,600",02/13/18,
CVS,CVS Corp,70.11,0.24,0.34%,71.22,69.6,"8,796,100",02/13/18,
BBY,Best Buy Co,70.1,-0.25,-0.36%,70.88,69.7,"2,881,500",02/13/18,
OXY,Occidental Petroleum Corp,69.72,-0.15,-0.21%,70.17,69.12,"4,519,800",02/13/18,
PNR,Pentair Ltd,69.39,0.36,0.52%,69.62,68.41,"1,030,800",02/13/18,
ICE,Intercontinental Exchange,69.12,0.52,0.76%,69.19,68.04,"2,676,000",02/13/18,
CCL,Carnival Corp,68.75,-0.02,-0.03%,69.07,68.23,"2,052,300",02/13/18,
A,Agilent Technologies,68.34,-0.09,-0.13%,68.49,67.66,"1,825,500",02/13/18,
WBA,Walgreens Boots Alliance,68.29,-0.17,-0.25%,70.51,67.48,"6,791,500",02/13/18,
PCAR,Paccar Inc,68.14,-0.1,-0.15%,68.29,67.17,"1,298,000",02/13/18,
ATVI,Activision Blizzard,68.03,-0.29,-0.42%,68.21,67.18,"5,373,500",02/13/18,
STI,Suntrust Banks,67.92,0.33,0.49%,68.02,66.73,"3,012,500",02/13/18,
K,Kellogg Company,67.49,0.42,0.63%,67.8,66.67,"3,139,700",02/13/18,
VNO,Vornado Realty Trust,67.46,-0.14,-0.21%,67.97,66.15,"2,085,200",02/13/18,
HSIC,Henry Schein Inc,67.39,-4.79,-6.64%,67.96,63.01,"12,345,100",02/13/18,
AJG,Arthur J. Gallagher & Co,66.98,0.77,1.16%,67.17,65.9,"988,500",02/13/18,
ALK,Alaska Air Group,66.89,0.88,1.33%,67.18,65.25,"2,907,200",02/13/18,
BF.B,Brown Forman Inc B,66.88,0.64,0.97%,67.04,65.83,"518,900",02/13/18,
TSCO,Tractor Supply Co,66.16,-0.51,-0.76%,66.79,65.09,"1,471,900",02/13/18,
MPC,Marathon Petroleum Corp,66.08,1.31,2.02%,66.4,64.29,"3,570,900",02/13/18,
SLB,Schlumberger N.V.,65.92,-0.92,-1.38%,66.86,65.68,"7,959,800",02/13/18,
NKE,Nike Inc,65.87,-0.11,-0.17%,66.23,65.43,"9,538,300",02/13/18,
UAL,United Continental Holdings,65.7,1.56,2.43%,65.75,63.66,"3,150,900",02/13/18,
QCOM,Qualcomm Inc,65.7,0.04,0.06%,65.76,64.98,"7,694,800",02/13/18,
CAH,Cardinal Health,65.69,-2.34,-3.44%,66.17,63.8,"4,063,200",02/13/18,
MO,Altria Group,65.64,0.29,0.44%,65.82,64.73,"5,225,100",02/13/18,
AEP,American Electric Power Company,65.58,0.78,1.20%,65.82,64.19,"3,859,200",02/13/18,
XLNX,Xilinx Inc,65.29,0.17,0.26%,65.45,63.91,"2,368,200",02/13/18,
PAYX,Paychex Inc,64.63,-0.06,-0.09%,64.89,64,"1,562,000",02/13/18,
BAX,Baxter International Inc,64.63,-0.37,-0.57%,64.86,63.84,"2,871,200",02/13/18,
AKAM,Akamai Technologies,64.49,-0.44,-0.68%,65.03,64.42,"1,625,600",02/13/18,
NUE,Nucor Corp,64.08,0.64,1.01%,64.53,62.72,"3,192,100",02/13/18,
BMY,Bristol-Myers Squibb Company,63.87,0.71,1.12%,64.11,62.69,"7,518,800",02/13/18,
HP,Helmerich & Payne,63.73,-0.91,-1.41%,64.54,63.42,"2,739,500",02/13/18,
WRK,Westrock Company,63.43,0.16,0.25%,63.49,62.77,"1,077,500",02/13/18,
MNST,Monster Beverage Cp,63.39,-0.69,-1.08%,63.77,62.87,"2,018,200",02/13/18,
KMX,Carmax Inc,63.39,-2.27,-3.46%,65.29,62.31,"2,663,400",02/13/18,
RSG,Republic Services,63.28,0.66,1.05%,63.45,62.23,"2,654,200",02/13/18,
EXPD,Expeditors Intl,63.12,0.75,1.20%,63.58,61.73,"1,384,100",02/13/18,
FBHS,Fortune Brands Home & Security,63.08,-0.07,-0.11%,63.27,62.62,"1,314,100",02/13/18,
KSS,Kohl's Corp,62.9,1.78,2.91%,63,60.88,"2,253,300",02/13/18,
AOS,Smith [A.O.] Corp,62.73,0.75,1.21%,62.89,61.42,"773,800",02/13/18,
CERN,Cerner Corp,62.49,unch,unch,62.79,60.79,"2,692,700",02/13/18,
GRMN,Garmin Ltd,62.43,0.46,0.74%,62.58,61.26,"1,126,700",02/13/18,
KORS,Michael Kors Holdings Ltd,62.38,1.49,2.45%,62.96,60.56,"3,334,100",02/13/18,
JEC,Jacobs Engineering Group Inc,62.27,-0.82,-1.30%,63.01,61.48,"1,327,300",02/13/18,
PFG,Principal Financial Group Inc,61.72,-0.12,-0.19%,61.9,61.05,"1,223,400",02/13/18,
PLD,Prologis Inc,61.16,1.01,1.68%,61.43,59.84,"2,438,800",02/13/18,
WEC,Wisconsin Energy Corp,61.11,-0.17,-0.28%,61.24,59.7,"1,778,500",02/13/18,
MAC,Macerich Company,60.83,0.03,0.05%,61.16,59.85,"846,300",02/13/18,
EIX,Edison International,60.17,0.11,0.18%,60.42,59.38,"2,338,800",02/13/18,
LEN,Lennar Corp,59.96,0.62,1.04%,60.14,58.84,"7,289,500",02/13/18,
AIG,American International Group,59.43,-0.18,-0.30%,59.74,58.68,"4,948,300",02/13/18,
NTAP,Netapp Inc,58.74,1.01,1.75%,60.14,58.45,"3,911,900",02/13/18,
SYY,Sysco Corp,58.42,0.29,0.50%,58.56,57.92,"2,106,400",02/13/18,
IP,International Paper Company,58.03,0.15,0.26%,58.14,57.02,"2,241,100",02/13/18,
WFC,Wells Fargo & Company,58,1.5,2.65%,58.09,55.95,"24,233,500",02/13/18,
ABT,Abbott Laboratories,57.64,0.23,0.40%,57.79,56.81,"5,816,600",02/13/18,
ES,Eversource Energy,57.62,0.09,0.16%,57.79,56.62,"1,787,700",02/13/18,
TXT,Textron Inc,57.55,unch,unch,58.22,57.1,"1,794,900",02/13/18,
REG,Regency Centers Corp,57.54,0.27,0.47%,57.74,56.46,"973,200",02/13/18,
NCLH,Norwegian Cruise Ord,57.5,0.05,0.09%,57.67,56.87,"1,500,300",02/13/18,
APC,Anadarko Petroleum Corp,57.18,-0.64,-1.11%,57.89,56.77,"4,234,700",02/13/18,
LUV,Southwest Airlines Company,57.16,0.35,0.62%,57.24,56.15,"3,943,400",02/13/18,
XRAY,Dentsply Sirona Inc,56.99,-0.39,-0.68%,57.27,56.2,"1,564,800",02/13/18,
EQR,Equity Residential,56.99,0.38,0.67%,57.33,56.21,"2,242,300",02/13/18,
OKE,Oneok Inc,56.84,0.29,0.51%,57.32,55.92,"2,030,500",02/13/18,
FLR,Fluor Corp,55.82,-0.49,-0.87%,56.36,55.33,"1,644,500",02/13/18,
SBUX,Starbucks Corp,55.67,0.29,0.52%,55.72,55.02,"10,416,300",02/13/18,
AEE,Ameren Corp,55.25,0.18,0.33%,55.45,54.32,"1,201,500",02/13/18,
HCN,Welltower Inc,55.08,0.81,1.49%,55.32,53.63,"3,839,200",02/13/18,
MRK,Merck & Company,54.9,-0.53,-0.96%,55.37,54.77,"17,039,301",02/13/18,
BK,Bank of New York Mellon Corp,54.81,0.2,0.37%,55,54.12,"3,100,200",02/13/18,
GIS,General Mills,54.79,-0.13,-0.24%,55.05,54.14,"2,069,500",02/13/18,
CBS,CBS Corp,54.67,1.51,2.84%,54.7,52.98,"4,699,400",02/13/18,
RHI,Robert Half International Inc,54.64,1.04,1.94%,54.87,53.37,"1,423,200",02/13/18,
USB,U.S. Bancorp,54.14,0.17,0.31%,54.36,53.58,"5,558,100",02/13/18,
HIG,Hartford Financial Services Group,53.97,0.47,0.88%,54.14,52.98,"1,716,400",02/13/18,
FAST,Fastenal Co,53.57,0.73,1.38%,53.67,52.35,"1,933,700",02/13/18,
CSX,CSX Corp,53.56,0.4,0.75%,53.71,52.2,"7,490,800",02/13/18,
BHF,Brighthouse Financial Inc,53.56,-4.67,-8.02%,55.89,53,"2,346,800",02/13/18,
MS,Morgan Stanley,53.39,-0.04,-0.07%,53.88,52.86,"8,659,399",02/13/18,
BBT,BB&T Corp,53.33,0.33,0.62%,53.43,52.52,"2,240,600",02/13/18,
COP,Conocophillips,53.32,-0.09,-0.17%,53.94,52.61,"5,438,200",02/13/18,
PGR,Progressive Corp,53.22,0.84,1.60%,53.24,51.99,"3,078,300",02/13/18,
BWA,Borgwarner Inc,52.31,-0.66,-1.25%,53.17,51.83,"1,487,100",02/13/18,
DAL,Delta Air Lines Inc,52.17,0.12,0.23%,52.29,51.36,"8,220,500",02/13/18,
ZION,Zions Bancorporation,51.96,-0.1,-0.19%,52.18,51.51,"1,767,000",02/13/18,
SCHW,The Charles Schwab Corp,51.15,0.21,0.41%,51.22,50.29,"6,467,100",02/13/18,
AAL,American Airlines Gp,50.87,0.78,1.56%,50.92,49.64,"3,758,000",02/13/18,
UNM,Unumprovident Corp,50.82,0.34,0.67%,51.16,50.18,"3,265,300",02/13/18,
VTR,Ventas Inc,50.72,0.26,0.52%,50.9,49.58,"3,193,300",02/13/18,
TPR,Tapestry Inc,50.14,0.23,0.46%,50.25,49.65,"2,152,600",02/13/18,
VZ,Verizon Communications Inc,50.08,-0.03,-0.06%,50.26,49.17,"11,871,601",02/13/18,
ETFC,E*Trade Finl Corp,50.05,-0.15,-0.30%,50.21,49.52,"2,197,200",02/13/18,
STX,Seagate Tech Ord Shs,49.63,0.46,0.94%,49.89,48.82,"2,919,500",02/13/18,
AMAT,Applied Materials,49.55,0.05,0.10%,49.65,48.5,"12,876,100",02/13/18,
JWN,Nordstrom,49.17,0.8,1.65%,49.23,48.18,"1,001,200",02/13/18,
SIG,Signet Jewelers Ltd,49,0.51,1.05%,49.7,48.27,"968,800",02/13/18,
O,Realty Income Corp,48.99,0.31,0.64%,49.18,47.96,"2,853,800",02/13/18,
CHD,Church & Dwight Company,48.64,0.01,0.02%,48.88,48.44,"1,603,900",02/13/18,
LB,L Brands Inc,48.54,-0.16,-0.33%,48.85,47.1,"3,027,300",02/13/18,
ORCL,Oracle Corp,48.49,0.34,0.71%,48.68,47.77,"12,633,000",02/13/18,
FLIR,Flir Systems Inc,48.21,0.53,1.11%,48.3,47.02,"761,000",02/13/18,
L,Loews Corp,48.09,0.59,1.24%,48.23,47.14,"1,602,100",02/13/18,
PEG,Public Service Enterprise Group Inc,48.04,0.42,0.88%,48.15,47.08,"2,519,000",02/13/18,
HAL,Halliburton Company,47.39,-0.53,-1.11%,47.72,46.87,"6,857,700",02/13/18,
EQT,Eqt Corp,47.37,-0.4,-0.84%,47.57,46.87,"4,615,100",02/13/18,
HOG,Harley-Davidson Inc,47.25,-1.1,-2.28%,48.04,47,"2,444,900",02/13/18,
CPB,Campbell Soup Company,46.65,0.34,0.73%,46.87,45.91,"2,428,500",02/13/18,
FL,Footlocker Inc,46.64,0.3,0.65%,47.69,45.96,"3,205,500",02/13/18,
INFO,IHS Markit Ltd,45.3,0.09,0.20%,45.38,44.59,"1,161,600",02/13/18,
MET,Metlife Inc,45.2,0.58,1.30%,45.25,44.18,"8,185,700",02/13/18,
DHI,D.R. Horton,44.85,0.01,0.02%,45.14,44.37,"5,843,000",02/13/18,
SO,Southern Company,44.62,-0.06,-0.13%,44.83,44.1,"6,832,300",02/13/18,
INTC,Intel Corp,44.46,-0.37,-0.83%,44.78,44.26,"19,517,100",02/13/18,
LEG,Leggett & Platt Inc,44.39,-0.53,-1.18%,44.86,44.14,"1,291,100",02/13/18,
CFG,Citizens Financial Group Inc/Ri,44.39,0.43,0.98%,44.42,43.39,"3,437,600",02/13/18,
DISH,Dish Network Corp,44.33,0.33,0.75%,44.4,43.43,"2,108,600",02/13/18,
KO,Coca-Cola Company,44.19,0.22,0.50%,44.41,43.69,"13,163,101",02/13/18,
CBG,CBRE Group Inc,44.14,0.99,2.29%,44.25,42.9,"2,840,000",02/13/18,
XEL,XCEL Energy Inc,43.96,0.2,0.46%,44.15,43.24,"3,409,800",02/13/18,
CMS,Cms Energy Corp,43.05,0.17,0.40%,43.21,42.36,"3,040,500",02/13/18,
MDLZ,Mondelez Intl Cmn A,42.8,0.27,0.63%,43.02,42,"9,240,000",02/13/18,
HES,Hess Corp,42.8,-1.34,-3.04%,43.85,42.58,"4,881,600",02/13/18,
MAS,Masco Corp,42.76,-0.36,-0.83%,43.05,42.31,"4,258,100",02/13/18,
MU,Micron Technology,42.63,0.44,1.04%,42.92,41.98,"30,281,102",02/13/18,
EBAY,Ebay Inc,42.15,-0.17,-0.40%,42.78,41.9,"10,415,600",02/13/18,
XL,XL Company Switzerland Gmbh,41.9,0.3,0.72%,42.1,41.34,"3,382,100",02/13/18,
SEE,Sealed Air Corp,41.72,-0.8,-1.88%,42.2,41.26,"3,141,900",02/13/18,
GM,General Motors Company,41.4,-0.6,-1.43%,42.07,41.37,"8,927,500",02/13/18,
ADM,Archer Daniels Midland Company,41.34,0.07,0.17%,41.42,40.97,"2,449,900",02/13/18,
CSCO,Cisco Systems Inc,41.23,0.63,1.55%,41.31,40.22,"30,997,100",02/13/18,
FLS,Flowserve Corp,41.09,-0.33,-0.80%,41.34,40.22,"1,200,600",02/13/18,
CSRA,Csra Inc,40.58,0.19,0.47%,40.65,40.4,"16,234,400",02/13/18,
LKQ,LKQ Corp,40.53,0.37,0.92%,40.55,39.65,"2,126,200",02/13/18,
MYL,Mylan Nv Ord Shs,40.41,-0.19,-0.47%,40.98,40.11,"4,266,000",02/13/18,
TRIP,Tripadvisor Inc,39.88,2.17,5.75%,40.14,37.47,"3,643,900",02/13/18,
PCG,Pacific Gas & Electric Co,39.83,0.49,1.25%,40.08,38.99,"8,801,000",02/13/18,
AIV,Apartment Investment and Management,39.28,0.01,0.03%,39.43,38.9,"838,700",02/13/18,
CF,Cf Industries Holdings,39,0.56,1.46%,39.25,37.9,"2,372,600",02/13/18,
CMCSA,Comcast Corp A,38.96,0.42,1.09%,39.17,38.1,"18,133,301",02/13/18,
BEN,Franklin Resources,38.84,0.01,0.03%,38.97,38.3,"3,141,400",02/13/18,
LNT,Alliant Energy Corp,38.63,0.15,0.39%,38.76,37.89,"1,773,900",02/13/18,
CDNS,Cadence Design Sys,37.9,-0.7,-1.81%,39.13,37.54,"2,561,000",02/13/18,
HOLX,Hologic Inc,37.8,-0.24,-0.63%,38.19,37.6,"3,386,100",02/13/18,
BLL,Ball Corp,37.76,0.23,0.61%,37.8,37.33,"3,654,000",02/13/18,
APA,Apache Corp,37.7,-0.41,-1.08%,37.95,37.3,"4,334,000",02/13/18,
JCI,Johnson Controls Intl,37.39,-0.02,-0.05%,37.82,37.13,"4,508,400",02/13/18,
NEM,Newmont Mining Corp,37.02,0.11,0.30%,37.23,36.74,"5,421,600",02/13/18,
EXC,Exelon Corp,37.01,-0.16,-0.43%,37.18,36.42,"7,408,500",02/13/18,
T,AT&T Inc,36.6,0.23,0.63%,36.71,35.97,"22,877,100",02/13/18,
FOXA,21st Centry Fox Class A,36.58,0.18,0.49%,36.82,35.87,"7,189,100",02/13/18,
EVHC,Envision Healthcare Holdings,36.41,-0.28,-0.76%,36.63,35.74,"1,474,200",02/13/18,
FOX,21st Centry Fox Class B,36.19,0.24,0.67%,36.38,35.56,"1,649,800",02/13/18,
SCG,Scana Corp,36.02,0.36,1.01%,36.23,34.84,"1,871,800",02/13/18,
SYF,Synchrony Financial,36.01,-0.23,-0.63%,36.14,35.52,"4,509,900",02/13/18,
CAG,Conagra Brands Inc,35.47,-0.23,-0.64%,35.74,35.23,"5,216,500",02/13/18,
PFE,Pfizer Inc,34.94,0.28,0.81%,35.03,34.41,"20,454,900",02/13/18,
DVN,Devon Energy Corp,34.57,-1.21,-3.38%,35.39,34.4,"4,889,900",02/13/18,
WY,Weyerhaeuser Company,34.21,-0.15,-0.44%,34.58,34.19,"4,346,100",02/13/18,
CA,CA Inc,34.18,0.16,0.47%,34.21,33.83,"2,343,500",02/13/18,
UDR,United Dominion Realty Trust,34,0.27,0.80%,34.14,33.53,"2,169,500",02/13/18,
PWR,Quanta Services,33.72,-0.26,-0.77%,34.01,33.49,"1,020,300",02/13/18,
NOV,National-Oilwell,33.66,-0.05,-0.15%,33.8,33.12,"3,272,500",02/13/18,
IRM,Iron Mountain Inc,33.54,0.24,0.72%,33.79,32.94,"1,686,900",02/13/18,
MGM,MGM Resorts International,33.13,-0.07,-0.21%,33.35,32.87,"8,861,200",02/13/18,
VIAB,Viacom Inc Cl B,33.1,0.22,0.67%,33.29,32.62,"4,152,100",02/13/18,
HRL,Hormel Foods Corp,33.08,0.01,0.03%,33.19,32.69,"1,312,900",02/13/18,
NLSN,Nielsen Holdings Plc,33.06,-0.54,-1.61%,33.58,32.95,"5,293,800",02/13/18,
IVZ,Invesco Plc,32.51,-0.01,-0.03%,33.01,32.31,"3,181,800",02/13/18,
GPS,Gap Inc,32.43,1.01,3.21%,32.51,31.29,"4,181,000",02/13/18,
FITB,Fifth Third Bncp,32.39,0.14,0.43%,32.49,31.92,"3,291,800",02/13/18,
FE,Firstenergy Corp,32.1,0.6,1.90%,32.21,31.26,"10,010,899",02/13/18,
PDCO,Patterson Companies,31.21,-1.71,-5.19%,31.49,28.77,"5,558,200",02/13/18,
BAC,Bank of America Corp,31.18,0.06,0.19%,31.4,30.76,"76,670,406",02/13/18,
PPL,PPL Corp,30.7,0.24,0.79%,30.83,30.14,"3,732,200",02/13/18,
WMB,Williams Companies,29.77,0.35,1.19%,29.88,29.11,"5,151,500",02/13/18,
GT,Goodyear Tire Rubber,29.34,-0.77,-2.56%,30.2,29.05,"5,416,800",02/13/18,
GLW,Corning Inc,29.24,-0.21,-0.71%,29.46,29.12,"5,822,300",02/13/18,
FTI,Technipfmc Plc,29.22,-0.47,-1.58%,29.44,28.8,"4,063,700",02/13/18,
XRX,Xerox Corp,29.17,-0.78,-2.60%,29.82,29.1,"3,204,200",02/13/18,
PHM,Pultegroup,29,-0.18,-0.62%,29.27,28.8,"3,918,000",02/13/18,
KR,Kroger Company,28.12,0.92,3.38%,28.21,27.14,"7,825,200",02/13/18,
CNP,Centerpoint Energy Inc,26.77,0.04,0.15%,26.88,26.42,"3,354,600",02/13/18,
NWL,Newell Rubbermaid Inc,26.6,-0.7,-2.56%,27.46,26.47,"8,088,900",02/13/18,
SYMC,Symantec Corp,26.58,0.48,1.84%,26.64,25.79,"5,147,900",02/13/18,
JNPR,Juniper Networks,26.19,0.39,1.51%,26.25,25.65,"3,846,200",02/13/18,
NFX,Newfield Exploration Company,26.11,-0.67,-2.50%,26.78,26.01,"2,816,600",02/13/18,
BSX,Boston Scientific Corp,26.11,-0.07,-0.27%,26.11,25.84,"6,249,800",02/13/18,
BHGE,Baker Hughes A Ge Co. Cl. A,25.94,-0.91,-3.39%,26.76,25.9,"4,476,800",02/13/18,
HRB,H&R Block,25.91,0.78,3.10%,26.08,25.12,"2,740,500",02/13/18,
DRE,Duke Realty Corp,25.62,0.32,1.26%,25.73,25.09,"3,962,400",02/13/18,
NBL,Noble Energy Inc,25.53,-0.44,-1.69%,25.93,25.28,"4,236,900",02/13/18,
MOS,Mosaic Company,25.21,unch,unch,25.34,24.77,"3,010,500",02/13/18,
M,Macy's Inc,24.88,0.69,2.85%,24.99,24.06,"7,371,400",02/13/18,
ARNC,Arconic Inc,24.78,-0.06,-0.24%,24.87,24.47,"5,422,600",02/13/18,
NRG,NRG Energy,24.61,-0.11,-0.44%,24.76,24.45,"4,256,700",02/13/18,
LUK,Leucadia National Corp,24.6,-0.24,-0.97%,24.78,24.55,"1,478,000",02/13/18,
COG,Cabot Oil & Gas Corp,23.73,-0.11,-0.46%,23.9,23.58,"3,606,800",02/13/18,
DISCA,Discovery Comm A,23.53,0.44,1.91%,23.63,22.88,"3,807,000",02/13/18,
NI,NiSource Inc,23.13,0.02,0.09%,23.22,22.79,"2,653,800",02/13/18,
HCP,HCP Inc,22.8,-0.05,-0.22%,22.9,21.98,"6,820,600",02/13/18,
GGP,Ggp Inc,22.35,-0.15,-0.67%,22.43,21.69,"6,686,800",02/13/18,
DISCK,Discovery Comm Inc,22.27,0.4,1.83%,22.34,21.67,"1,430,700",02/13/18,
IPG,Interpublic Group of Companies,22.22,0.31,1.41%,22.36,21.8,"6,835,400",02/13/18,
HPQ,Hewlett-Packard Company,20.58,0.17,0.83%,20.66,20.3,"11,648,700",02/13/18,
COTY,Coty Inc,20.56,0.14,0.69%,20.76,20.31,"7,354,400",02/13/18,
KEY,Keycorp,20.55,-0.04,-0.19%,20.59,20.28,"9,756,601",02/13/18,
HBI,Hanesbrands Inc,19.93,0.24,1.22%,19.97,19.68,"7,738,900",02/13/18,
WU,Western Union Company,19.75,-0.02,-0.10%,19.92,19.59,"7,356,300",02/13/18,
HST,Host Marriott Financial Trust,19.52,0.1,0.51%,19.61,19.05,"7,158,800",02/13/18,
PBCT,People's United Finl,19.13,0.06,0.31%,19.15,18.93,"1,923,200",02/13/18,
RF,Regions Financial Corp,18.85,0.38,2.06%,18.89,18.26,"13,246,300",02/13/18,
FCX,Freeport-Mcmoran Inc,17.8,0.23,1.31%,17.97,17.5,"23,232,100",02/13/18,
KMI,Kinder Morgan,17.39,0.09,0.52%,17.45,17.14,"9,058,300",02/13/18,
CTL,Centurylink,17.21,0.45,2.68%,17.36,16.45,"16,724,801",02/13/18,
UAA,Under Armour,16.7,2.47,17.36%,17.1,16,"34,063,301",02/13/18,
NWS,News Cp Cl B Cmn ST,16.55,0.4,2.48%,16.63,16.1,"665,100",02/13/18,
MAT,Mattel Inc,16.36,-1,-5.76%,17.51,16.3,"4,096,000",02/13/18,
NWSA,News Cp Cl A Cmn ST,16.22,0.47,2.98%,16.25,15.7,"2,672,100",02/13/18,
MRO,Marathon Oil Corp,16.07,-0.2,-1.23%,16.22,15.9,"8,344,300",02/13/18,
HBAN,Huntington Bcshs,15.52,0.04,0.26%,15.61,15.38,"9,891,500",02/13/18,
HPE,Hewlett Packard Enterprise Comp,15.47,-0.28,-1.78%,15.63,15.31,"13,734,800",02/13/18,
UA,Under Armour Inc Class C Comm,15.29,2.11,16.01%,15.65,14.49,"20,748,199",02/13/18,
GE,General Electric Company,14.67,-0.15,-1.01%,14.79,14.53,"73,694,406",02/13/18,
KIM,Kimco Realty Corp,14.34,0.02,0.14%,14.48,14.09,"4,179,800",02/13/18,
NAVI,Navient Cp,13.6,0.04,0.29%,13.67,13.4,"2,088,600",02/13/18,
RRC,Range Resources Corp,12.73,-0.32,-2.45%,13.13,12.72,"5,099,500",02/13/18,
AMD,Adv Micro Devices,11.78,0.1,0.86%,11.82,11.53,"33,644,602",02/13/18,
F,Ford Motor Company,10.59,-0.11,-1.03%,10.69,10.53,"36,883,500",02/13/18,
AES,The Aes Corp,10.32,0.05,0.49%,10.39,10.16,"6,312,200",02/13/18,
CHK,Chesapeake Energy Corp,2.74,-0.11,-3.86%,2.87,2.72,"30,949,900",02/13/18,